treatment,lower,upper,mean,median,param
constant,24.52062798493095,24.876754543863754,24.693628982606473,24.691614591629275,topt
variable,21.483017076397704,22.434443160924506,21.923977217966733,21.913085449723198,topt
constant,-9.860903422162183,-4.618707234335149,-7.574229692127551,-7.734032384473613,tmin
variable,-9.537892030533827,-2.370539057363299,-5.673954809514351,-5.544175974627295,tmin
constant,32.12793955974144,32.64269569233968,32.393092445097174,32.39648058069039,tmax
variable,29.23817394948298,31.973568157305344,30.31371259200861,30.22010275685441,tmax
variable,21.801309284093794,22.09739390874306,21.951999980949854,21.953375266066438,predicted_topt
variable,-16.541090377275093,-6.361525448836615,-10.517146597918337,-10.132791720665729,predicted_tmin
variable,29.2596010222958,29.940673265988508,29.599840951215903,29.60578505676599,predicted_tmax
