curve.id.list,topt.list,maxgrowth.list,z.list,w.list,a.list,b.list,rsqr.list,s.list,n.list
q2.5,24.68942810451775,1.5840037536872518,13.853136646041746,35.65142922191937,0.17386603475780196,0.10817340569885268,0.9998080485095416,0.02572133132240303,411
q97.5,24.426269384951475,1.6454620286839585,13.817533891387862,36.71561649015304,0.24552995102417377,0.09451925825431409,0.9996797423515499,0.02690833795435533,411
mean,24.566703111180367,1.6159779643847598,13.718876580601346,36.38759844620688,0.20610949918809177,0.10170543768346829,0.9999994885046094,0.0011785432330206273,411
