metric,value_incomplete
w_low,13.80718
w_high,65.93505287424344
w_mean,36.64541358012312
tmin_low,-1.8
tmin_high,0.5827473016241825
tmin_mean,-1.5511224051366796
tmax_low,28.59355188861612
tmax_high,32.514469166647174
tmax_mean,29.96311573514979
breadth_low,30.114430692942783
breadth_high,33.53140693050735
breadth_mean,31.51423814028647
topt_low,20.381036229049876
topt_high,22.22126
topt_mean,21.3979239506826
