metric,value_incomplete
w_low,32.86323688117236
w_high,42.47807206154958
w_mean,36.50135301681083
tmin_low,-1.8
tmin_high,-1.1721964627740014
tmin_mean,-1.7605213749765867
tmax_low,31.72524652032431
tmax_high,32.11146965900907
tmax_mean,31.912928236096384
breadth_low,33.09216789961732
breadth_high,33.9057211206151
breadth_mean,33.67344961107297
topt_low,24.26955805803196
topt_high,24.858960874465673
topt_mean,24.562127076578992
