w_low,w_high,w_mean,tmin_low,tmin_high,tmin_mean,tmax_low,tmax_high,tmax_mean,breadth_low,breadth_high,breadth_mean,topt_low,topt_high,topt_mean
32.62378592047197,41.93349532943333,36.24177589735059,-1.8,-1.1062755805823188,-1.756102212623989,31.227914513549802,32.979130177763025,31.992530951216835,32.982552947218686,34.658672198363334,33.74863316384082,24.289605172564087,24.88460146261089,24.576094587382414
