temp,term,estimate,std.error,statistic,p.value,growth_per_day,error
32,a,-0.0028687403480750096,0.0016875298715757258,-1.6999641881280194,0.09948468720994283,-0.06884976835380023,0.04050071691781742
