temp,lower,upper,mean,sd
5,0.2601638307125539,0.38516879794212405,0.32464329405422687,0.033444561882594745
10,0.6621817153101469,0.7649373535836658,0.7273785022058404,0.02635905783779577
15,0.8221252263740159,0.9445509551689731,0.8914116073935562,0.03437576771283944
20,0.9886229678164915,1.2715616742746423,1.156685288351267,0.08911471711875467
24,1.0317351338318828,1.3221592947824978,1.1670533221778556,0.08904071836498742
27,0.5643552770844772,0.8563319968754759,0.743458309975081,0.0801205910931339
