temp,lower,upper,mean,sd
0,-0.05605809572082147,0.054754139217435605,0.0018767190699704732,0.03976744463822164
5,0.23717635303968337,0.35098533829178885,0.3020006816029462,0.0345988790875676
10,0.5653793700421246,0.6175324930987784,0.5911505070738365,0.013946096841152437
16,1.0006987166102346,1.071536274136084,1.0414512389198498,0.021696412564130792
20,1.058477721118772,1.4584390955392303,1.2592074640830648,0.13554057082928592
24,1.3303986908029068,1.5488050678893126,1.4569195242829036,0.08321036072624476
27,1.5122067437954358,1.5859559909439294,1.5506676886993278,0.019817194120858778
29,1.0382320455473162,1.2403609537287912,1.1393355715982025,0.05217183711409309
32,-0.24991918583336245,0.0014291832922951947,-0.07178706718096417,0.05715085125068773
