temp,lower,upper,mean,sd
5,0.2665155955001121,0.3926875826519682,0.33137233540389754,0.032974012104633944
10,0.6532381833257063,0.7533154669221972,0.7153794383847684,0.02594764170423979
15,0.8061690153689197,0.9279575939907726,0.8744863586370315,0.03321478472410545
20,0.9558048060030752,1.3355510513726985,1.194051131661265,0.10641987276165274
24,1.0081044603502598,1.2868266616647221,1.138673272441485,0.0858882882826084
27,0.4977245342651091,0.9386375494251138,0.7917438043886945,0.11643789000072295
