curve.id.list,topt.list,maxgrowth.list,z.list,w.list,a.list,b.list,rsqr.list,s.list,n.list
1,24.630535428167043,1.5587533697006568,13.123981828724665,37.576831091525754,0.1910381996289207,0.10431283460986353,0.9861026801536474,0.06887033288002291,9
