temp,lower,upper,mean,sd
0,-0.05606518462967232,0.054754139217435605,-0.0031687380934177422,0.04029587471454087
5,0.2372537316745796,0.3506765801034349,0.3017170534141315,0.03411637061603457
10,0.5653176976162239,0.6175382704078548,0.5911100609267713,0.014144851143059174
16,1.0006982308823438,1.0716692203582017,1.0416731807862718,0.022356391232742197
20,1.0648951122210704,1.4604900277331765,1.2646435821884752,0.1331759704308986
24,1.3348660820227487,1.5483860393959472,1.460511267106451,0.08105760309412655
27,1.511980592618574,1.5858131328786083,1.5510067199740245,0.020591776144282
29,1.0377429098167812,1.237473621164436,1.1381779247764452,0.05192471973652843
32,-0.25039415294912243,0.001389868511913056,-0.07347879753844826,0.05811773187964736
