curve.id.list,topt.list,maxgrowth.list,z.list,w.list,a.list,b.list,rsqr.list,s.list,n.list
1,21.54777992668386,1.1944314594712047,12.11027807075975,35.849424707667104,0.28687907491727943,0.08126136812187941,0.9744770837190591,0.04538504045120671,6
