curve.id.list,topt.list,maxgrowth.list,z.list,w.list,a.list,b.list,rsqr.list,s.list,n.list
1,24.609766466461316,1.5618987217836748,13.407321164958704,36.99661965565731,0.19376071083180346,0.10337002278919567,0.9863282647322033,0.06834946561441177,9
