curve.id.list,topt.list,maxgrowth.list,z.list,w.list,a.list,b.list,rsqr.list,s.list,n.list
1,24.56810164484784,1.6158248002850526,13.71442220035117,36.38861363983505,0.2056653295299378,0.10180658694534327,0.989137857972596,0.0633121057377512,9
