run,a,b,w,z,sigma,isConv,finTol,logLik,AIC,BIC,deviance,df.residual
1159,0.26723140818615243,0.08407602004228439,36.23216613092907,12.144015328841595,1933.34051846124,TRUE,1.4901161193847656e-8,-2415.2036904087918,4840.4073808175835,4858.380937715593,990518473.4858538,265
