run,a,b,w,z,sigma,isConv,finTol,logLik,AIC,BIC,deviance,df.residual
1167,0.24903380861316896,0.12536846406413693,33.95803863435803,14.415215656964081,1717.5732759507675,TRUE,1.4901161193847656e-8,-3287.871048080186,6585.742096160372,6605.323106473409,1082671270.681512,367
