term,estimate,std.error,statistic,p.value
z,14.416795523093134,0.46733916038389184,30.84867852985095,5.8349609878906e-209
w,32.07394845193378,0.35229212798061943,91.04361382068195,0
a,0.015344072967134022,0.0023960536236676756,6.403893809207249,1.5146347725023413e-10
b,0.06541609658809734,0.00976056606323162,6.702080203577739,2.0547319884274007e-11
s,0.0019898935559236972,6.12362202877182e-4,3.249536869803832,0.0011559309267052205
